0;POBYT NEURČEN PODLE MV ČR;;;;;374;0%;-374;;;;;;;;;;;;;;;1168;-130;-130;-130;-130;-130;-130;-130;-130;-130;0;-1 168;-649;-519;-1 168;0%;-1168;0;;Neznámá obec s rozšířenou působností;0;;5209;327;;5209;116
1101;Praha 1;25;6;18;17;160;16%;-109;185;0;27;22;6;6;8;12;10;9;15;13;29;125;540;-9;-12;-24;-24;-23;-19;-21;-22;-17;0;-171;-92;-79;-171;34%;-171;0;;Praha 1;1101;;6104;58;;6104;16
1102;Praha 2;36;11;29;27;214;17%;-136;184;3;1;5;0;3;2;8;5;9;14;30;15;22;747;-59;-56;-60;-57;-58;-54;-57;-54;-50;0;-505;-290;-214;-505;25%;-505;0;;Praha 10;1110;;6105;558;;6105;162
1103;Praha 3;31;7;18;6;304;10%;-255;318;2;35;23;16;32;6;25;5;22;12;4;7;21;929;-40;-49;-54;-42;-61;-47;-62;-49;-57;0;-461;-245;-216;-461;34%;-461;0;;Praha 11;1111;;6106;25;;6106;8
1104;Praha 4;173;72;163;219;755;23%;-296;1 135;63;243;264;193;154;223;215;211;203;281;25;21;2 575;2541;251;266;213;184;236;220;217;211;270;2 067;0;1 149;918;2 067;45%;2067;0;;Praha 12;1112;;6107;52;;6107;10
1105;Praha 5;77;33;40;203;661;12%;-402;757;5;123;110;110;95;87;89;67;70;168;12;18;146;2216;-57;-66;-66;-78;-84;-83;-99;-97;-23;0;-654;-351;-302;-654;34%;-654;0;;Praha 13;1113;;6108;88;;6108;34
1106;Praha 6;51;19;24;101;349;15%;-204;368;21;55;69;58;72;48;67;46;64;41;0;12;140;1288;-46;-36;-44;-33;-51;-40;-56;-42;-60;0;-408;-211;-198;-408;29%;-408;0;;Praha 14;1114;;6109;60;;6109;15
1107;Praha 7;8;3;8;38;107;7%;-65;15;0;104;82;98;96;94;94;103;111;91;22;7;10;365;40;24;36;34;33;33;39;45;30;315;0;167;148;315;4%;315;0;;Praha 15;1115;;6110;276;;6110;77
1108;Praha 8;47;19;62;54;290;16%;-156;88;15;138;149;93;114;73;81;66;104;146;16;13;386;1108;25;33;-9;7;-24;-20;-31;-3;29;94;-87;32;-26;7;8%;7;0;;Praha 16;1116;;6111;70;;6111;24
1109;Praha 9;81;34;150;88;689;12%;-430;585;6;86;95;95;117;113;101;76;106;79;10;14;171;2368;-118;-112;-112;-95;-98;-108;-127;-104;-124;0;-997;-534;-463;-997;25%;-997;0;;Praha 17;1117;;6112;68;;6112;26
1110;Praha 10;50;22;105;112;531;9%;-318;539;3;147;143;128;146;138;108;106;90;177;2;3;206;1817;-14;-17;-28;-15;-21;-44;-45;-57;8;8;-241;-95;-138;-234;30%;-234;0;;Praha 18;1118;;6113;200;;6113;70
2101;Benešov;15;6;119;41;119;13%;16;108;35;95;59;83;78;57;47;80;85;65;0;6;112;402;53;26;44;40;25;12;37;41;26;304;0;189;115;304;27%;304;0;;Benešov;2101;;1101;540;;1101;160
2102;Beroun;21;8;26;12;83;25%;-34;188;45;88;65;33;42;56;30;47;45;48;2;2;38;361;57;39;15;22;33;6;19;18;20;230;0;167;63;230;52%;230;0;;Beroun;2102;;1102;747;;1102;214
2103;Brandýs nad Labem;46;26;171;166;251;18%;48;255;34;131;113;120;121;127;88;70;99;82;8;9;96;894;41;27;32;33;38;3;-10;11;-1;185;-12;170;3;173;29%;173;0;;Brandýs nad Labem;2103;;1110;1817;;1110;531
2104;Čáslav;0;0;25;0;48;0%;-29;68;50;25;33;32;34;26;16;34;17;37;3;2;19;120;22;28;27;29;23;8;21;9;24;191;0;129;61;191;57%;191;0;;Čáslav;2104;;2108;236;;2108;55
2105;Černošice;54;29;169;110;344;16%;-81;303;42;126;121;137;113;65;68;85;82;83;1;0;313;1169;31;27;39;21;-15;-19;-6;-9;-8;117;-57;102;-42;60;26%;60;0;;Černošice;2105;;2109;625;;2109;162
2106;Český Brod;3;2;13;8;34;9%;-15;6;10;2;2;1;0;2;1;3;2;0;10;10;15;121;-8;-8;-9;-10;-8;-11;-9;-10;-11;0;-85;-44;-41;-85;5%;-85;0;;Český Brod;2106;;2113;429;;2113;124
2107;Dobříš;2;2;26;5;26;8%;-1;71;29;35;31;23;20;15;26;18;28;10;0;10;58;106;32;29;23;20;17;21;15;22;9;186;0;119;66;186;67%;186;0;;Dobříš;2107;;2119;173;;2119;54
2108;Hořovice;3;2;14;2;55;5%;-40;119;19;28;33;33;35;17;22;29;36;27;11;10;57;236;16;20;20;21;8;9;14;19;12;137;0;84;54;137;50%;137;0;;Hořovice;2108;;3110;72;;3110;26
2109;Kladno;50;26;92;74;162;31%;13;292;77;142;140;97;114;91;102;134;116;134;21;16;174;625;96;94;62;75;58;54;78;65;78;661;0;385;276;661;47%;661;0;;Kladno;2109;;3215;364;;3215;73
2110;Kolín;31;11;14;47;166;19%;-89;100;39;59;61;51;44;56;44;37;42;35;22;22;183;551;16;17;10;4;13;-1;-7;-3;-8;60;-19;60;-19;42;18%;42;0;;Kolín;2110;;4102;383;;4102;108
2111;Kralupy nad Vltavou;4;2;11;46;78;5%;-31;91;38;13;31;28;20;4;17;26;31;35;0;12;13;225;2;15;13;7;-5;-1;6;10;13;65;-6;31;28;59;40%;59;0;;Kralupy nad Vltavou;2111;;4201;50;;4201;23
2112;Kutná Hora;7;1;25;15;127;6%;-90;167;40;67;20;33;49;43;53;32;26;45;0;0;60;375;38;3;13;25;20;22;6;1;16;143;0;98;45;143;45%;143;0;;Kutná Hora;2112;;4207;145;;4207;51
2113;Lysá nad Labem;10;6;44;26;124;8%;-62;157;0;17;40;45;17;46;61;68;54;65;0;15;108;429;-8;9;13;-8;13;25;30;20;28;137;-17;18;103;120;37%;120;0;;Lysá nad Labem;2113;;5103;310;;5103;106
2114;Mělník;14;6;43;29;92;15%;-24;106;130;44;61;53;31;24;67;33;22;58;0;0;156;264;48;61;55;38;33;46;20;12;39;351;0;234;117;351;40%;351;0;;Mělník;2114;;5105;1098;;5105;286
2115;Mladá Boleslav;20;7;72;146;274;7%;-91;97;48;157;174;170;113;132;138;119;123;74;16;22;398;1053;52;65;62;19;33;31;17;20;-17;299;-17;232;50;282;9%;282;0;;Mladá Boleslav;2115;;5108;210;;5108;47
2116;Mnichovo Hradiště;0;0;34;30;50;0%;-2;0;8;13;12;8;18;15;12;7;7;8;8;19;24;136;-2;-3;-6;2;-1;-4;-7;-7;-7;2;-36;-9;-25;-34;0%;-34;0;;Mnichovo Hradiště;2116;;5109;202;;5109;55
2117;Neratovice;16;8;18;38;55;29%;3;78;7;16;16;24;13;17;19;14;16;26;0;4;40;126;11;11;17;9;12;12;9;10;18;108;0;60;49;108;62%;108;0;;Neratovice;2117;;5208;122;;5208;29
2118;Nymburk;7;6;27;32;62;11%;-11;61;57;28;19;23;15;17;24;18;26;22;8;17;82;222;19;12;15;9;10;7;3;9;6;90;0;65;25;90;27%;90;0;;Nymburk;2118;;5301;50;;5301;13
2119;Poděbrady;6;2;18;64;54;11%;14;109;80;45;55;30;45;34;43;24;32;42;0;20;37;173;42;49;30;42;33;29;14;20;28;288;0;197;92;288;63%;288;0;;Poděbrady;2119;;6101;67;;6101;16
2120;Příbram;27;11;144;72;116;23%;73;204;112;112;88;127;85;65;54;91;69;124;34;33;127;434;87;69;98;66;51;26;54;38;79;567;0;370;197;567;47%;567;0;;Praha 3;1103;;6204;268;;6204;74
2121;Rakovník;4;3;81;54;63;6%;42;114;87;73;74;59;65;53;45;30;45;51;1;1;101;226;64;65;53;58;49;30;18;30;34;400;0;288;112;400;50%;400;0;;Praha 4;1104;;6205;46;;6205;10
2122;Říčany;22;7;47;55;158;14%;-60;126;20;55;57;37;32;40;10;34;37;34;5;13;102;548;6;7;-8;-11;-5;-31;-13;-10;-13;13;-90;-11;-66;-77;23%;-77;0;;Přelouč;5311;;6213;87;;6213;20
2123;Sedlčany;13;6;43;25;47;28%;17;103;59;50;67;73;68;59;36;56;52;31;6;14;81;192;43;56;61;57;50;24;39;36;20;387;0;267;120;387;54%;387;0;;Přerov;7109;;6214;139;;6214;27
2124;Slaný;6;2;40;56;80;8%;-2;54;16;37;32;36;23;13;40;26;23;50;3;4;172;303;17;13;16;6;-1;17;6;4;24;104;-1;51;51;103;18%;103;0;;Příbram;2120;;6216;281;;6216;87
2125;Vlašim;8;3;26;27;31;26%;17;67;0;67;56;83;38;76;51;43;55;49;1;0;44;127;47;39;59;26;54;35;29;38;34;362;0;225;137;362;53%;362;0;;Uherský Brod;7208;;8108;246;;8108;78
2126;Votice;3;1;15;8;9;33%;11;9;5;20;20;10;12;15;25;22;19;21;0;0;26;46;14;14;6;8;10;17;15;12;14;109;0;52;57;109;20%;109;0;;Ústí nad Labem;4214;;8110;38;;8110;13
3101;Blatná;4;2;23;27;19;21%;23;39;24;44;28;42;22;28;39;32;38;37;9;9;147;76;45;33;43;28;33;38;32;37;36;326;0;183;143;326;51%;326;0;;Blatná;3101;;1106;1288;;1106;349
3102;České Budějovice;77;27;199;83;235;33%;54;215;57;158;173;170;114;164;74;104;116;133;13;22;181;818;75;87;84;42;80;4;27;36;48;484;0;369;115;484;26%;484;0;;České Budějovice;3102;;2112;375;;2112;127
3103;Český Krumlov;27;12;87;47;68;40%;60;83;85;75;84;66;49;57;47;78;45;65;14;14;152;256;63;69;56;43;49;29;52;28;43;432;0;281;151;432;32%;432;0;;Český Krumlov;3103;;2114;264;;2114;92
3104;Dačice;6;1;57;48;8;75%;77;19;41;33;31;27;38;18;41;56;28;48;0;40;125;35;40;38;35;43;28;40;52;31;46;353;0;184;168;353;54%;353;0;;Dačice;3104;;2116;136;;2116;50
3105;Jindřichův Hradec;8;4;153;19;39;21%;98;82;42;39;44;35;37;46;35;27;45;37;2;2;72;172;32;35;29;30;37;22;16;30;24;255;0;162;92;255;48%;255;0;;Jindřichův Hradec;3105;;3210;88;;3210;24
3106;Kaplice;5;2;58;36;24;21%;52;64;36;53;69;54;64;56;18;10;33;32;0;0;38;134;41;53;41;49;43;9;3;20;19;277;0;226;51;277;48%;277;0;;Kaplice;3106;;3212;174;;3212;49
3107;Milevsko;1;1;51;67;15;7%;75;49;0;64;83;71;73;80;70;88;74;85;0;0;10;53;48;63;54;55;60;53;66;56;64;520;0;280;239;520;92%;520;0;;Milevsko;3107;;5107;71;;5107;19
3108;Písek;10;3;64;39;88;11%;-1;127;47;21;24;33;26;23;27;34;29;30;0;0;142;295;16;18;25;20;17;13;19;15;16;159;0;96;63;159;43%;159;0;;Písek;3108;;5313;111;;5313;14
3109;Prachatice;27;7;58;74;51;53%;75;119;31;52;49;38;58;58;40;52;49;64;0;14;152;182;49;47;39;54;54;36;45;43;54;421;0;243;178;421;65%;421;0;;Praha 19;1119;;6114;136;;6114;35
3110;Soběslav;7;2;10;55;26;27%;30;30;0;21;34;31;39;17;18;27;42;25;0;5;54;72;16;25;23;29;13;13;20;31;19;190;0;106;84;190;42%;190;0;;Rokycany;3211;;6218;138;;6218;33
3111;Strakonice;5;2;72;74;45;11%;70;88;45;57;49;36;44;21;57;38;61;67;3;41;172;131;59;53;43;49;32;53;39;56;61;447;0;237;210;447;67%;447;0;;Rožnov pod Radhoštěm;7206;;6221;117;;6221;26
3112;Tábor;48;12;114;138;114;42%;123;207;31;177;152;117;135;124;132;121;141;147;20;20;503;409;157;139;112;126;118;119;111;126;130;1 137;0;651;486;1 137;51%;1137;0;;Slavkov u Brna;6215;;7108;265;;7108;80
3113;Trhové Sviny;4;2;39;23;24;17%;27;31;6;37;38;36;33;35;46;29;33;34;3;3;97;76;32;33;31;29;30;38;25;28;29;274;0;154;119;274;41%;274;0;;Sušice;3214;;7201;58;;7201;17
3114;Třeboň;10;4;34;12;37;27%;8;81;88;60;45;91;69;68;73;76;72;44;14;13;15;145;53;41;76;59;59;49;51;48;27;464;0;288;177;464;56%;464;0;;Šlapanice;6216;;7204;97;;7204;28
3115;Týn nad Vltavou;10;4;16;5;12;83%;14;32;23;17;27;7;9;20;9;17;26;20;0;0;31;59;16;23;8;10;18;6;12;19;15;128;0;75;52;128;54%;128;0;;Tábor;3112;;7207;276;;7207;82
3116;Vimperk;11;5;49;34;35;31%;38;51;79;50;41;65;35;39;33;19;45;53;4;4;78;116;49;42;60;37;40;24;14;33;39;339;0;229;110;339;44%;339;0;;Turnov;5109;;8105;65;;8105;16
3117;Vodňany;8;3;4;40;45;18%;-4;59;0;7;15;4;2;10;5;11;9;11;6;6;29;122;1;7;-1;-3;3;-1;4;2;4;21;-5;6;9;15;48%;15;0;;Uničov;7112;;8109;70;;8109;20
3201;Blovice;1;1;5;10;18;6%;-6;26;6;6;7;12;12;7;17;13;12;12;0;0;2;46;3;4;8;8;4;11;8;7;7;60;0;27;32;60;57%;60;0;;Blovice;3201;;1107;365;;1107;107
3202;Domažlice;16;8;125;76;63;25%;104;58;32;167;133;105;99;115;69;60;157;156;0;0;132;207;124;99;78;73;85;46;39;112;111;770;0;460;309;770;28%;770;0;;Domažlice;3202;;2120;434;;2120;116
3203;Horažďovice;4;2;36;8;12;33%;25;39;0;50;37;38;35;39;42;39;31;38;5;5;55;59;40;30;31;29;32;34;32;26;31;284;0;162;122;284;66%;284;0;;Horažďovice;3203;;3107;53;;3107;15
3204;Horšovský Týn;5;1;7;15;17;29%;5;30;0;35;29;30;35;32;11;2;11;29;19;10;12;59;24;20;21;24;22;6;0;6;20;144;0;112;32;143;51%;143;0;;Horšovský Týn;3204;;3108;295;;3108;88
3205;Klatovy;18;7;92;26;62;29%;45;133;74;140;125;135;134;78;117;139;158;94;0;6;167;263;116;104;112;111;69;87;104;118;70;891;0;512;379;891;51%;891;0;;Klatovy;3205;;4101;94;;4101;26
3206;Kralovice;16;12;69;15;30;53%;49;65;41;55;47;55;31;41;40;31;37;37;0;0;3;114;42;36;42;24;32;25;18;23;23;265;0;177;88;265;57%;265;0;;Kralovice;3206;;4107;241;;4107;63
3207;Nepomuk;5;3;43;11;12;42%;34;32;10;26;14;28;23;25;19;22;17;19;0;10;90;50;27;18;28;24;26;20;22;19;20;203;0;122;81;203;64%;203;0;;Nepomuk;3207;;5207;272;;5207;80
3208;Nýřany;8;1;32;40;43;19%;19;42;42;50;35;45;28;38;48;35;41;43;2;6;163;189;41;30;37;25;32;33;24;28;30;280;0;165;115;280;22%;280;0;;Nýřany;3208;;5302;71;;5302;22
3209;Plzeň;15;13;178;184;523;3%;-237;360;33;197;193;193;190;230;217;153;160;179;6;35;567;2054;12;9;9;7;37;23;-25;-20;-6;95;-51;73;-29;44;18%;44;0;;Plzeň;3209;;5314;174;;5314;46
3210;Přeštice;1;1;19;1;24;4%;-8;16;16;22;39;24;18;18;19;39;28;33;0;4;60;88;16;29;17;13;13;11;26;18;22;165;0;88;78;165;18%;165;0;;Praha 22;1122;;6203;2907;;6203;808
3211;Rokycany;5;3;44;79;82;6%;15;88;71;84;105;87;69;83;63;81;99;134;0;6;260;258;76;92;79;65;76;50;64;77;103;683;0;388;294;683;34%;683;0;;Praha 5;1105;;6206;86;;6206;29
3212;Stod;6;1;37;24;49;12%;3;88;4;12;12;12;7;16;16;13;15;14;0;0;4;174;0;0;0;-3;3;3;1;2;1;11;-3;1;7;8;51%;8;0;;Roudnice nad Labem;4211;;6220;466;;6220;127
3213;Stříbro;1;1;24;32;19;5%;24;47;60;31;46;22;20;13;32;26;21;31;18;10;148;103;39;50;32;30;25;30;26;22;30;284;0;176;108;284;46%;284;0;;Rumburk;4212;;7101;135;;7101;33
3214;Sušice;1;0;68;62;34;3%;65;13;112;62;43;46;55;33;36;45;23;51;5;12;43;122;55;41;43;50;33;19;26;9;30;304;0;221;83;304;11%;304;0;;Rychnov nad Kněžnou;5213;;7102;119;;7102;32
3215;Tachov;9;4;53;56;73;12%;18;178;24;122;100;106;74;63;83;82;68;93;21;25;149;364;87;71;75;51;43;55;54;43;62;542;0;328;214;542;49%;542;0;;Soběslav;3110;;7109;189;;7109;53
4101;Aš;5;3;14;3;26;19%;-8;32;0;21;32;39;29;27;37;39;26;54;13;9;30;94;12;20;25;18;16;24;25;15;36;191;0;90;100;191;34%;191;0;;Aš;4101;;0;1168;;0;374
4102;Cheb;43;16;85;47;108;40%;34;227;30;102;129;141;110;96;105;102;120;104;3;2;114;383;73;93;102;79;69;71;69;82;70;709;0;417;292;709;59%;709;0;;Cheb;4102;;3115;59;;3115;12
4103;Karlovy Vary;72;23;59;76;327;22%;-154;628;187;138;200;165;191;150;115;165;139;131;25;36;402;1120;111;157;131;151;120;66;103;84;78;1 001;0;670;331;1 001;56%;1001;0;;Karlovy Vary;4103;;3213;103;;3213;19
4104;Kraslice;1;1;9;50;15;7%;30;28;5;57;58;37;36;32;45;37;50;45;1;9;193;46;58;58;43;42;39;48;42;52;48;429;0;239;190;429;61%;429;0;;Kraslice;4104;;4202;187;;4202;64
4105;Mariánské Lázně;5;3;56;49;84;6%;0;10;11;40;40;30;40;38;54;44;51;23;15;8;178;343;10;10;2;10;8;19;11;16;-5;86;-5;40;41;81;3%;81;0;;Mariánské Lázně;4105;;5104;150;;5104;39
4106;Ostrov;16;5;59;54;31;52%;70;67;43;50;56;82;37;52;60;26;34;36;16;23;110;135;46;50;70;36;47;47;22;28;29;375;0;250;126;375;50%;375;0;;Ostrov;4106;;5308;51;;5308;16
4107;Sokolov;25;7;116;46;63;40%;84;157;39;201;181;192;162;127;130;116;150;163;17;14;381;241;179;164;173;150;124;120;110;135;145;1 301;0;790;510;1 301;65%;1301;0;;Rosice;6214;;6219;167;;6219;51
4201;Bílina;5;1;12;0;23;22%;-9;27;0;32;42;24;29;32;20;36;32;43;20;36;40;50;25;33;19;23;25;17;29;26;34;230;0;125;105;230;54%;230;0;;Bílina;4201;;1103;929;;1103;304
4202;Děčín;8;6;115;84;64;13%;93;69;69;112;121;113;108;115;103;83;139;103;6;1;296;187;106;113;107;103;108;89;74;116;89;904;0;537;367;904;37%;904;0;;Děčín;4202;;2117;126;;2117;55
4203;Chomutov;41;9;228;36;111;37%;128;231;9;126;104;114;73;83;118;76;96;109;50;34;520;396;122;105;113;82;90;114;83;98;108;914;0;512;403;914;58%;914;0;;Chomutov;4203;;3116;116;;3116;35
4204;Kadaň;27;8;37;37;64;42%;19;147;48;74;104;128;80;103;102;118;90;86;8;22;359;200;87;109;127;91;109;101;113;92;89;919;0;524;395;919;74%;919;0;;Kadaň;4204;;3211;258;;3211;82
4205;Litoměřice;30;10;119;73;79;38%;95;176;0;87;111;84;91;86;55;60;75;110;11;40;206;299;69;87;67;72;68;46;50;61;87;606;0;363;243;606;59%;606;0;;Litoměřice;4205;;4212;88;;4212;30
4206;Litvínov;3;2;37;10;30;10%;8;71;5;66;70;77;53;65;21;43;24;67;30;38;30;103;50;53;58;40;49;16;32;18;50;366;0;250;116;366;69%;366;0;;Litvínov;4206;;4215;72;;4215;30
4207;Louny;8;3;30;0;51;16%;-21;70;80;160;138;115;86;109;86;84;78;85;31;54;143;145;136;120;102;81;98;69;68;63;69;807;0;537;269;807;48%;807;0;;Louny;4207;;4216;112;;4216;33
4208;Lovosice;8;7;32;38;18;44%;43;45;45;72;59;82;62;50;56;27;22;37;3;1;288;85;80;71;88;73;64;62;40;36;47;560;0;376;185;560;53%;560;0;;Lovosice;4208;;5101;364;;5101;117
4209;Most;23;9;47;92;94;24%;33;164;47;155;146;136;159;195;181;181;176;193;0;5;352;290;139;132;124;142;169;151;151;147;160;1 315;0;705;610;1 315;57%;1315;0;;Most;4209;;5204;105;;5204;24
4210;Podbořany;5;3;20;28;16;31%;25;18;3;34;53;44;32;29;46;34;29;42;0;4;45;56;25;40;33;24;22;34;25;21;31;256;0;144;112;256;32%;256;0;;Podbořany;4210;;5315;147;;5315;35
4211;Roudnice nad Labem;24;14;32;48;41;59%;43;33;28;39;63;36;52;65;62;45;24;49;6;4;85;128;30;48;28;40;50;43;30;15;33;317;0;195;122;317;26%;317;0;;Praha 7;1107;;6208;71;;6208;21
4212;Rumburk;1;1;62;49;30;3%;54;32;24;92;96;48;88;60;46;89;122;69;0;10;65;88;72;75;39;69;48;34;66;91;51;544;0;302;242;544;36%;544;0;;Praha 9;1109;;6210;122;;6210;34
4213;Teplice;37;21;101;107;183;20%;10;343;11;228;219;168;160;163;121;142;149;188;53;77;607;598;196;189;151;145;147;115;131;136;165;1 375;0;828;547;1 375;57%;1375;0;;Strakonice;3111;;7112;65;;7112;15
4214;Ústí nad Labem;11;7;150;139;119;9%;109;312;58;262;227;234;233;219;222;196;212;230;4;12;232;501;204;177;183;182;171;165;146;158;171;1 556;0;917;640;1 556;62%;1556;0;;Teplice;4213;;7211;43;;7211;10
4215;Varnsdorf;3;0;18;13;30;10%;-4;23;3;53;50;72;45;47;20;23;37;26;0;20;68;72;40;38;55;34;36;16;18;28;20;286;0;204;82;286;32%;286;0;;Třebíč;6113;;8102;89;;8102;24
4216;Žatec;8;4;50;14;33;24%;23;65;56;48;49;72;53;39;25;39;26;51;7;4;37;112;42;43;60;46;36;17;27;17;36;325;0;228;98;325;58%;325;0;;Vizovice;7211;;8119;844;;8119;216
5101;Česká Lípa;45;25;92;109;117;38%;79;136;103;150;169;143;151;138;113;105;112;103;7;4;404;364;136;151;131;137;127;93;87;92;86;1 041;0;683;358;1 041;37%;1041;0;;Česká Lípa;5101;;2110;551;;2110;166
5102;Frýdlant;3;1;43;41;26;12%;40;18;108;72;76;50;48;50;56;52;24;35;2;8;51;94;66;69;50;48;50;38;35;14;22;392;0;282;109;392;19%;392;0;;Frýdlant;5102;;2124;303;;2124;80
5103;Jablonec nad Nisou;12;6;14;15;106;11%;-72;130;68;74;26;69;45;29;44;76;60;83;19;18;134;310;57;21;53;35;23;25;49;37;54;355;0;191;164;355;42%;355;0;;Jablonec nad Nisou;5103;;3203;59;;3203;12
5104;Jilemnice;8;2;53;20;39;21%;24;52;67;35;45;40;43;36;44;42;59;34;0;3;112;150;35;42;38;41;35;32;30;43;24;320;0;192;128;320;35%;320;0;;Jilemnice;5104;;3209;2054;;3209;523
5105;Liberec;21;10;94;68;286;7%;-144;209;53;161;176;153;173;118;174;187;187;182;16;49;437;1098;67;78;61;76;34;69;79;79;75;618;0;315;303;618;19%;618;0;;Liberec;5105;;4210;56;;4210;16
5106;Nový Bor;7;4;61;63;29;24%;71;9;42;95;71;73;89;101;75;54;72;68;0;12;50;104;71;53;55;67;76;50;34;48;45;499;0;321;177;499;9%;499;0;;Nový Bor;5106;;5213;257;;5213;60
5107;Semily;3;3;17;7;19;16%;2;39;37;82;78;77;69;77;28;35;46;26;17;33;68;71;70;67;66;60;66;24;29;37;22;440;0;327;113;440;55%;440;0;;Přeštice;3210;;6215;63;;6215;21
5108;Tanvald;5;1;19;79;47;11%;32;56;19;48;58;80;46;44;35;36;44;70;0;0;14;210;23;30;47;21;20;10;11;17;37;217;0;142;75;217;27%;217;0;;Sokolov;4107;;7110;47;;7110;14
5109;Turnov;1;1;24;12;55;2%;-27;79;19;39;28;16;14;22;15;20;15;13;0;5;32;202;21;13;4;2;8;0;4;0;-1;53;-1;49;4;52;39%;52;0;;Šumperk;7111;;7206;154;;7206;40
5110;Železný Brod;2;0;3;0;20;10%;-16;38;9;61;46;30;19;17;59;22;29;52;5;12;0;54;45;34;22;14;12;43;15;20;38;244;0;128;116;244;70%;244;0;;Vodňany;3117;;8121;141;;8121;43
5201;Broumov;5;3;47;28;29;17%;32;9;18;59;52;63;46;18;15;66;30;71;8;10;24;106;38;33;41;29;8;3;41;14;45;251;0;149;102;251;8%;251;0;;Broumov;5201;;2102;361;;2102;83
5202;Dobruška;10;4;76;20;18;56%;64;61;85;43;27;51;34;31;46;65;49;46;0;9;63;89;47;35;53;40;38;37;51;39;37;378;0;214;164;378;69%;378;0;;Dobruška;5202;;2118;222;;2118;62
5203;Dvůr Králové nad Labem;8;4;66;13;30;27%;37;56;39;58;63;45;43;14;31;41;34;55;4;5;100;109;52;56;42;41;19;26;33;28;44;340;0;209;131;340;51%;340;0;;Dvůr Králové nad Labem;5203;;2121;226;;2121;63
5204;Hořice;3;0;45;26;24;13%;32;56;6;12;23;29;31;25;20;33;28;21;8;8;74;105;11;19;24;25;21;16;26;22;17;179;0;99;80;179;53%;179;0;;Hořice;5204;;3109;182;;3109;51
5205;Hradec Králové;58;31;106;133;193;30%;44;343;132;122;193;126;148;165;197;188;212;224;10;19;314;702;98;151;101;117;130;135;128;146;155;1 160;0;597;563;1 160;49%;1160;0;;Hradec Králové;5205;;3111;131;;3111;45
5206;Jaroměř;4;1;28;15;26;15%;10;48;33;16;24;16;13;24;6;10;8;17;2;5;59;102;16;22;16;14;22;4;7;5;12;116;0;89;27;116;47%;116;0;;Jaroměř;5206;;3205;263;;3205;62
5207;Jičín;13;8;80;59;80;16%;37;125;18;61;70;65;52;71;51;45;66;60;9;9;224;272;51;58;54;44;58;41;36;52;48;442;0;265;177;442;46%;442;0;;Jičín;5207;;3207;50;;3207;12
5208;Kostelec nad Orlicí;13;6;35;41;29;45%;41;84;72;31;34;39;34;30;65;39;26;31;0;0;36;122;33;35;39;35;32;48;28;18;22;290;0;174;116;290;69%;290;0;;Kostelec nad Orlicí;5208;;4105;343;;4105;84
5209;Náchod;43;24;92;100;116;37%;71;194;173;84;77;53;82;69;70;91;68;66;0;10;228;327;93;88;70;92;82;57;73;55;54;664;0;425;239;664;59%;664;0;;Náchod;5209;;5205;702;;5205;193
5210;Nová Paka;4;1;5;12;24;17%;-7;19;14;40;38;32;32;38;42;42;35;60;0;0;76;81;32;30;26;26;30;31;31;26;44;275;0;143;132;275;23%;275;0;;Nová Paka;5210;;5210;81;;5210;24
5211;Nové Město nad Metují;10;7;37;6;18;56%;24;54;41;9;21;27;30;16;34;4;15;20;0;3;19;76;12;21;26;28;17;25;2;10;14;155;0;104;52;155;71%;155;0;;Nové Město nad Metují;5211;;5212;98;;5212;21
5212;Nový Bydžov;4;4;16;6;21;19%;-1;65;42;35;29;42;31;41;19;38;49;52;10;11;36;98;32;28;37;29;37;14;28;36;39;280;0;163;117;280;66%;280;0;;Nový Bydžov;5212;;5214;269;;5214;66
5213;Rychnov nad Kněžnou;21;8;86;57;60;35%;68;178;83;68;44;47;55;40;62;42;59;69;31;40;94;257;63;45;47;53;42;47;32;44;52;425;0;251;174;425;69%;425;0;;Prachatice;3109;;6211;129;;6211;42
5214;Trutnov;30;17;149;93;66;45%;146;136;81;109;98;76;86;111;63;51;69;80;7;47;371;269;110;102;85;93;112;65;56;69;77;769;0;502;267;769;51%;769;0;;Světlá nad Sázavou;6111;;7202;29;;7202;4
5215;Vrchlabí;13;2;57;0;57;23%;-1;92;24;26;42;34;25;42;19;18;13;24;6;11;89;209;18;30;24;17;30;9;8;4;13;152;0;117;34;152;44%;152;0;;Ústí nad Orlicí;5313;;8111;70;;8111;24
5301;Česká Třebová;6;4;52;15;13;46%;43;32;30;31;46;28;49;43;32;19;34;29;0;0;24;50;28;39;26;41;37;24;14;26;22;256;0;170;86;256;64%;256;0;;Česká Třebová;5301;;2111;225;;2111;78
5302;Hlinsko;5;2;28;26;22;23%;24;28;92;63;32;40;41;48;46;35;52;43;1;1;35;71;59;36;42;43;48;33;24;37;30;352;0;228;125;352;39%;352;0;;Hlinsko;5302;;3102;818;;3102;235
5303;Holice;0;0;12;8;28;0%;-13;23;12;36;28;31;19;43;43;29;29;42;0;0;244;117;39;33;35;26;44;42;32;32;41;323;0;176;147;323;20%;323;0;;Holice;5303;;3106;134;;3106;24
5304;Chrudim;22;11;77;136;127;17%;55;266;107;111;168;148;96;101;174;139;141;114;31;59;163;500;88;130;115;76;80;120;93;95;75;872;0;489;382;872;53%;872;0;;Chrudim;5304;;3201;46;;3201;18
5305;Králíky;16;4;33;33;15;107%;51;44;14;36;20;34;16;22;27;13;13;25;3;5;20;44;31;19;29;16;20;22;12;12;21;181;0;115;66;181;100%;181;0;;Králíky;5305;;4106;135;;4106;31
5306;Lanškroun;14;10;53;22;27;52%;43;69;40;53;49;33;52;28;28;44;51;45;0;1;146;118;52;49;37;52;34;28;40;45;40;378;0;225;153;378;58%;378;0;;Lanškroun;5306;;4209;290;;4209;94
5307;Litomyšl;13;2;48;33;49;27%;25;81;69;55;70;80;43;80;109;59;82;75;13;17;86;129;54;65;72;45;72;84;47;64;59;561;0;308;253;561;63%;561;0;;Litomyšl;5307;;4213;598;;4213;183
5308;Moravská Třebová;9;2;55;39;16;56%;64;17;39;62;51;59;57;51;44;40;49;63;9;6;180;51;64;56;62;60;56;44;41;48;59;489;0;296;192;489;33%;489;0;;Moravská Třebová;5308;;5201;106;;5201;29
5309;Pardubice;33;19;31;36;270;12%;-187;258;18;90;105;69;73;37;88;61;74;65;9;13;81;857;11;22;-5;-2;-29;7;-14;-4;-11;39;-65;-4;-22;-26;30%;-26;0;;Pardubice;5309;;5311;151;;5311;38
5310;Polička;13;6;22;15;28;46%;13;59;69;51;60;20;31;10;46;19;61;31;3;4;45;103;48;54;24;33;17;33;13;45;22;289;0;175;114;289;57%;289;0;;Polička;5310;;6103;113;;6103;42
5311;Přelouč;2;1;29;12;38;5%;-5;55;37;30;35;72;31;12;48;44;29;44;0;0;5;151;18;22;49;19;4;26;23;12;23;194;0;112;83;194;36%;194;0;;Praha 20;1120;;6201;233;;6201;70
5312;Svitavy;15;5;103;28;30;50%;83;35;104;101;73;71;42;58;76;63;72;50;10;30;207;81;104;83;81;59;71;70;60;67;50;646;0;398;247;646;43%;646;0;;Říčany;2122;;7104;42;;7104;9
5313;Ústí nad Orlicí;3;1;61;3;14;21%;37;51;105;112;110;92;71;92;83;70;80;63;5;7;124;111;104;102;89;73;89;66;56;64;51;693;0;455;237;693;46%;693;0;;Tišnov;6217;;7212;193;;7212;44
5314;Vysoké Mýto;17;4;56;8;46;37%;19;88;69;24;27;42;27;36;13;30;15;19;10;10;47;174;23;25;36;25;32;4;17;6;9;178;0;142;36;178;51%;178;0;;Valašské Meziříčí;7210;;8113;13;;8113;3
5315;Žamberk;14;4;54;14;35;40%;30;105;63;102;117;83;73;66;75;80;54;40;0;0;49;147;85;97;71;64;58;56;59;40;29;560;0;375;184;560;71%;560;0;;Vítkov;8122;;8118;44;;8118;5
6101;Bystřice nad Pernštejnem;1;0;89;14;16;6%;62;22;121;93;70;64;37;34;31;24;52;47;0;11;154;67;96;78;74;54;51;31;26;47;43;501;0;353;148;501;33%;501;0;;Bystřice nad Pernštejnem;6101;;2106;121;;2106;34
6102;Havlíčkův Brod;14;8;138;33;58;24%;84;148;50;99;68;75;74;86;57;84;67;75;0;0;174;247;85;62;67;67;76;46;67;54;60;583;0;357;226;583;60%;583;0;;Havlíčkův Brod;6102;;3101;76;;3101;19
6103;Humpolec;4;2;12;18;42;10%;-16;54;20;46;52;76;37;63;56;40;51;51;0;37;57;113;36;40;58;29;48;41;29;37;37;356;0;211;145;356;48%;356;0;;Humpolec;6103;;3113;76;;3113;24
6104;Chotěboř;7;3;38;28;16;44%;41;32;88;31;30;30;28;20;45;40;42;44;0;0;105;58;42;42;42;40;34;40;36;37;39;351;0;200;152;351;55%;351;0;;Chotěboř;6104;;3117;122;;3117;45
6105;Jihlava;36;9;92;128;162;22%;39;234;135;106;155;130;114;130;95;112;103;138;4;12;225;558;83;119;101;89;101;54;67;60;87;760;0;492;268;760;42%;760;0;;Jihlava;6105;;3208;189;;3208;43
6106;Moravské Budějovice;5;2;46;54;8;63%;72;22;75;79;60;86;54;51;37;60;70;73;15;0;261;25;92;78;97;73;71;49;66;74;76;678;0;412;266;678;88%;678;0;;Moravské Budějovice;6106;;5202;89;;5202;18
6107;Náměšť nad Oslavou;3;1;26;0;10;30%;13;27;31;4;4;8;12;8;10;6;5;6;0;0;53;52;9;9;12;15;12;9;6;5;6;85;0;58;27;85;52%;85;0;;Náměšť nad Oslavou;6107;;5206;102;;5206;26
6108;Nové Město na Moravě;8;2;33;31;34;24%;22;49;85;21;20;17;20;15;13;13;16;24;0;12;177;88;39;38;36;38;34;20;20;23;29;278;0;186;92;278;56%;278;0;;Nové Město na Moravě;6108;;5211;76;;5211;18
6109;Pacov;1;0;10;24;15;7%;12;12;5;8;7;14;7;6;12;5;5;10;0;0;60;60;6;6;11;6;5;9;3;3;7;56;0;34;23;56;20%;56;0;;Pacov;6109;;5310;103;;5310;28
6110;Pelhřimov;15;8;79;73;77;19%;52;145;57;95;66;90;60;98;73;53;80;79;0;9;256;276;87;65;83;60;89;62;47;67;66;625;0;383;242;625;53%;625;0;;Pelhřimov;6110;;5312;81;;5312;30
6111;Světlá nad Sázavou;5;1;14;58;24;21%;35;17;74;37;21;38;29;21;47;44;48;27;3;4;80;70;40;28;40;34;28;36;34;37;21;297;0;169;128;297;24%;297;0;;Rýmařov;8120;;7103;32;;7103;9
6112;Telč;5;2;27;7;26;19%;5;39;25;40;45;40;32;50;32;21;28;35;0;12;36;68;34;37;34;28;41;24;16;21;26;260;0;173;87;260;57%;260;0;;Stod;3212;;7111;252;;7111;61
6113;Třebíč;29;6;176;52;70;41%;130;79;129;198;167;193;131;134;187;161;155;208;0;0;364;200;185;161;181;134;137;157;138;133;173;1 399;0;798;601;1 399;40%;1399;0;;Svitavy;5312;;7203;171;;7203;52
6114;Velké Meziříčí;2;2;24;82;35;6%;47;40;114;75;94;65;72;55;74;40;61;70;0;14;87;136;70;84;62;68;55;52;27;43;49;511;0;339;171;511;29%;511;0;;Třeboň;3114;;8103;82;;8103;30
6115;Žďár nad Sázavou;11;7;43;33;47;23%;21;88;54;111;98;89;81;89;92;135;62;123;0;4;457;217;115;105;99;93;99;93;125;70;116;915;0;510;404;915;41%;915;0;;Vlašim;2125;;8120;41;;8120;14
6201;Blansko;7;3;77;27;70;10%;15;61;50;103;112;76;96;88;80;74;77;53;3;3;44;233;69;76;49;64;58;45;40;42;24;468;0;317;152;468;26%;468;0;;Blansko;6201;;1105;2216;;1105;661
6202;Boskovice;5;4;59;104;57;9%;70;102;142;80;84;89;51;48;39;37;45;56;14;13;93;161;83;86;90;61;59;31;29;35;44;517;0;378;139;517;63%;517;0;;Boskovice;6202;;1109;2368;;1109;689
6203;Brno;120;31;106;71;808;15%;-555;1 216;171;222;274;252;226;155;209;185;187;224;16;30;487;2907;45;84;68;48;-5;10;-8;-6;21;277;-19;240;18;258;42%;258;0;;Brno;6203;;2101;402;;2101;119
6204;Břeclav;8;5;66;15;74;11%;-5;53;17;129;91;97;83;98;107;68;91;93;15;63;131;268;87;58;63;52;63;69;40;57;58;547;0;323;224;547;20%;547;0;;Břeclav;6204;;2104;120;;2104;48
6205;Bučovice;7;4;28;33;10;70%;43;29;16;18;23;11;16;20;13;22;18;17;0;0;52;46;18;22;13;17;20;12;19;16;15;153;0;90;62;153;63%;153;0;;Bučovice;6205;;2105;1169;;2105;344
6206;Hodonín;8;6;76;47;29;28%;71;49;31;119;136;134;101;116;73;81;100;103;0;60;206;86;107;120;118;93;105;69;75;90;92;869;0;543;326;869;57%;869;0;;Hodonín;6206;;3104;35;;3104;8
6207;Hustopeče;6;3;38;11;41;15%;2;68;70;64;78;64;56;47;45;44;32;41;18;19;71;156;55;65;55;49;42;30;30;21;27;375;0;267;108;375;44%;375;0;;Hustopeče;6207;;3114;145;;3114;37
6208;Ivančice;6;3;11;4;21;29%;-4;23;79;33;40;42;33;27;14;10;40;37;0;5;95;71;39;44;46;39;35;13;10;33;30;290;0;203;87;290;32%;290;0;;Ivančice;6208;;3202;207;;3202;63
6209;Kuřim;2;2;21;30;40;5%;0;95;18;41;40;32;25;26;1;10;12;15;0;0;23;151;29;28;22;17;18;-4;3;5;7;130;-4;115;11;126;63%;126;0;;Kuřim;6209;;4206;103;;4206;30
6210;Kyjov;4;2;157;101;34;12%;164;85;73;173;191;145;145;117;154;190;205;161;6;26;869;122;209;223;188;188;167;184;211;223;190;1 783;0;975;808;1 783;70%;1783;0;;Kyjov;6210;;4208;85;;4208;18
6211;Mikulov;2;0;7;15;42;5%;-24;105;24;43;70;17;40;20;60;35;40;33;0;30;85;129;40;61;21;38;23;50;31;35;30;329;0;183;147;329;81%;329;0;;Mikulov;6211;;5106;104;;5106;29
6212;Moravský Krumlov;5;2;20;44;18;28%;35;34;98;48;53;43;43;50;30;31;19;44;8;12;113;58;58;61;54;54;59;30;30;21;40;407;0;286;121;407;59%;407;0;;Moravský Krumlov;6212;;5203;109;;5203;30
6213;Pohořelice;6;4;11;0;20;30%;-6;30;35;21;27;18;16;4;6;21;16;10;0;0;34;87;18;22;15;14;5;1;12;9;4;99;0;73;26;99;34%;99;0;;Pohořelice;6213;;6102;247;;6102;58
6214;Rosice;6;4;15;1;27;22%;-9;67;28;28;37;37;49;43;15;25;29;47;0;0;64;139;23;29;29;38;34;9;16;19;33;230;0;153;76;230;48%;230;0;;Praha 6;1106;;6207;156;;6207;41
6215;Slavkov u Brna;0;0;12;37;21;0%;16;19;69;36;10;29;11;29;11;13;15;3;3;2;22;63;34;15;29;16;29;5;7;8;-1;143;-1;123;19;143;30%;143;0;;Rakovník;2121;;6217;116;;6217;27
6216;Šlapanice;8;4;72;20;87;9%;-10;127;61;111;97;109;86;112;72;49;46;28;0;0;81;281;82;72;81;63;83;44;26;24;11;485;0;380;105;485;45%;485;0;;Sedlčany;2123;;7105;93;;7105;20
6217;Tišnov;6;5;15;9;27;22%;-3;66;30;65;48;66;39;34;37;63;52;47;0;10;150;116;60;47;61;41;37;35;54;46;42;424;0;246;178;424;57%;424;0;;Stříbro;3213;;7113;54;;7113;21
6218;Veselí nad Moravou;12;3;102;63;33;36%;103;46;116;94;83;71;81;79;87;93;97;61;0;35;119;138;88;79;70;78;76;66;70;73;46;647;0;391;256;647;33%;647;0;;Třinec;8121;;8104;55;;8104;11
6219;Vyškov;8;4;47;15;51;16%;4;106;99;165;141;159;118;110;120;97;121;83;6;8;76;167;138;120;134;103;97;90;73;91;62;907;0;592;315;907;63%;907;0;;Varnsdorf;4215;;8114;77;;8114;15
6220;Znojmo;12;4;92;83;127;9%;16;126;171;240;174;206;228;221;151;136;154;166;28;43;399;466;202;152;176;193;187;110;99;112;121;1 352;0;910;441;1 352;27%;1352;0;;Vimperk;3116;;8117;276;;8117;74
6221;Židlochovice;8;1;34;26;26;31%;27;45;159;54;35;52;41;33;20;24;26;38;0;0;71;117;62;48;61;53;47;13;16;17;26;343;0;270;73;343;38%;343;0;;Votice;2126;;8122;47;;8122;10
7101;Hranice;6;1;68;38;33;18%;53;93;65;89;106;63;61;71;142;91;71;66;0;3;219;135;90;103;71;69;77;120;82;67;63;741;0;409;332;741;69%;741;0;;Hranice;7101;;3112;409;;3112;114
7102;Jeseník;10;4;179;118;32;31%;201;41;141;112;104;86;106;71;96;69;52;72;15;12;276;119;120;114;100;115;89;87;66;54;69;813;0;538;275;813;34%;813;0;;Jeseník;7102;;3206;114;;3206;30
7103;Konice;4;3;53;61;9;44%;81;12;20;21;26;27;22;28;20;17;20;15;12;0;43;32;20;24;25;21;26;16;14;16;13;175;0;116;59;175;38%;175;0;;Konice;7103;;4103;1120;;4103;327
7104;Lipník nad Bečvou;8;5;72;12;9;89%;62;25;75;49;50;49;48;51;35;49;49;26;0;22;23;42;48;49;48;47;50;27;37;37;20;363;0;242;122;363;60%;363;0;;Lipník nad Bečvou;7104;;4211;128;;4211;41
7105;Litovel;12;4;71;24;20;60%;63;44;110;84;51;60;46;43;73;80;49;47;19;14;244;93;95;70;77;66;64;70;75;52;50;620;0;372;248;620;47%;620;0;;Litovel;7105;;4214;501;;4214;119
7106;Mohelnice;6;3;25;13;28;21%;7;44;39;55;37;31;30;14;19;26;28;26;3;8;43;79;47;33;29;28;16;14;19;21;19;227;0;153;74;227;56%;227;0;;Mohelnice;7106;;5110;54;;5110;20
7107;Olomouc;35;10;176;122;164;21%;95;131;157;224;258;209;171;189;219;215;187;190;52;88;223;570;162;188;151;123;136;136;133;112;115;1 257;0;760;496;1 257;23%;1257;0;;Olomouc;7107;;5304;500;;5304;127
7108;Prostějov;31;12;120;41;80;39%;72;137;158;134;197;140;124;108;111;128;127;172;0;6;297;265;135;182;139;127;115;94;107;106;140;1 145;0;698;446;1 145;52%;1145;0;;Praha 2;1102;;6115;217;;6115;47
7109;Přerov;30;9;123;50;53;57%;107;82;158;171;150;158;210;132;130;131;154;136;60;100;174;189;156;140;146;185;127;103;103;121;107;1 187;0;753;434;1 187;43%;1187;0;;Praha 21;1121;;6202;161;;6202;57
7110;Šternberk;2;1;29;25;14;14%;29;32;45;64;49;41;49;35;69;48;45;47;5;7;56;47;58;47;41;47;36;55;39;37;38;397;0;228;169;397;68%;397;0;;Semily;5107;;7106;79;;7106;28
7111;Šumperk;14;6;134;60;61;23%;99;111;137;161;174;147;189;151;135;132;130;172;1;10;219;252;144;154;133;165;136;104;102;100;132;1 170;0;732;438;1 170;44%;1170;0;;Slaný;2124;;7107;570;;7107;164
7112;Uničov;1;0;43;8;15;7%;24;30;7;48;33;51;41;21;21;34;28;43;12;12;10;65;34;23;36;29;14;13;23;18;29;220;0;137;83;220;46%;220;0;;Telč;6112;;7210;207;;7210;46
7113;Zábřeh;4;1;71;64;21;19%;84;17;215;105;74;73;45;68;91;64;54;51;10;10;132;54;118;95;94;73;90;75;55;48;45;694;0;470;224;694;31%;694;0;;Velké Meziříčí;6114;;8115;146;;8115;49
7201;Bystřice pod Hostýnem;7;1;33;12;17;41%;24;28;58;28;37;32;28;27;24;23;31;30;0;0;204;58;43;50;46;43;43;32;31;37;36;362;0;226;136;362;48%;362;0;;Bystřice pod Hostýnem;7201;;2107;106;;2107;26
7202;Holešov;3;2;8;3;4;75%;7;21;73;33;38;20;29;16;13;14;13;15;0;10;109;29;44;48;34;41;31;18;19;18;20;273;0;198;75;273;72%;273;0;;Holešov;7202;;3105;172;;3105;39
7203;Kroměříž;4;2;94;40;52;8%;53;101;43;203;172;166;186;128;96;143;189;170;0;142;385;171;183;160;155;170;127;100;135;170;155;1 355;0;795;560;1 355;59%;1355;0;;Kroměříž;7203;;4205;299;;4205;79
7204;Luhačovice;11;2;27;1;28;39%;4;49;19;25;28;14;17;18;6;5;17;10;15;16;55;97;21;23;13;15;16;4;3;12;7;116;0;89;27;116;51%;116;0;;Luhačovice;7204;;5102;94;;5102;26
7205;Otrokovice;13;7;38;20;41;32%;16;46;25;76;59;90;54;69;68;84;85;71;0;6;120;141;60;47;71;44;55;51;63;63;53;506;0;277;229;506;33%;506;0;;Otrokovice;7205;;5309;857;;5309;270
7206;Rožnov pod Radhoštěm;8;5;42;20;40;20%;15;67;4;74;62;78;82;83;36;59;68;74;2;2;173;154;61;52;64;67;68;32;49;56;60;508;0;311;197;508;44%;508;0;;Praha 8;1108;;6209;151;;6209;40
7207;Uherské Hradiště;52;11;131;142;82;63%;175;175;117;251;251;265;222;202;165;110;117;150;2;12;316;276;221;221;231;199;184;139;98;103;128;1 525;0;1 057;468;1 525;63%;1525;0;;Tachov;3215;;7208;122;;7208;23
7208;Uherský Brod;20;14;130;42;23;87%;126;60;94;184;182;163;180;130;119;109;131;173;5;5;446;122;182;181;167;179;142;120;112;129;160;1 372;0;852;521;1 372;49%;1372;0;;Tanvald;5108;;7209;62;;7209;23
7209;Valašské Klobouky;5;2;26;7;23;22%;7;20;12;37;36;43;40;43;37;50;48;52;0;2;136;62;36;35;41;38;41;34;44;43;46;359;0;192;167;359;32%;359;0;;Trhové Sviny;3113;;7213;339;;7213;77
7210;Valašské Meziříčí;10;4;22;9;46;22%;-13;155;47;47;44;36;26;28;27;22;27;22;16;10;143;207;49;47;41;33;35;27;23;27;23;302;0;203;99;302;75%;302;0;;Trutnov;5214;;8101;65;;8101;24
7211;Vizovice;1;1;15;8;10;10%;8;23;39;18;22;29;21;34;13;12;15;17;10;10;30;43;20;23;28;22;32;10;10;12;13;170;0;125;45;170;53%;170;0;;Uherské Hradiště;7207;;8107;134;;8107;42
7212;Vsetín;13;6;55;32;44;30%;34;102;73;185;193;148;162;149;127;135;131;134;18;48;236;193;160;166;132;142;133;106;112;109;111;1 170;0;732;438;1 170;53%;1170;0;;Valašské Klobouky;7209;;8112;108;;8112;32
7213;Zlín;27;11;90;47;77;35%;53;134;81;82;101;86;111;71;83;114;97;101;1;2;155;339;64;78;67;86;56;52;76;63;66;607;0;350;257;607;40%;607;0;;Veselí nad Moravou;6218;;8116;72;;8116;22
8101;Bílovec;4;2;24;1;24;17%;-1;34;164;45;54;37;61;39;84;73;45;56;22;14;181;65;70;77;64;82;66;75;67;46;54;602;0;360;241;602;52%;602;0;;Bílovec;8101;;1104;2541;;1104;755
8102;Bohumín;5;2;6;15;24;21%;-3;7;40;60;24;61;42;37;49;54;34;31;6;4;0;89;42;15;43;29;25;28;31;16;14;243;0;153;90;243;8%;243;0;;Bohumín;8102;;1108;1108;;1108;290
8103;Bruntál;9;2;76;43;30;30%;68;52;40;93;109;101;94;70;76;80;91;89;3;9;87;82;80;92;86;80;62;61;64;72;71;669;0;400;269;669;63%;669;0;;Bruntál;8103;;2103;894;;2103;251
8104;Český Těšín;12;10;83;32;11;109%;87;35;42;32;43;31;42;23;28;36;36;39;15;25;10;55;29;37;28;37;22;20;26;26;28;256;0;154;101;256;64%;256;0;;Český Těšín;8104;;2115;1053;;2115;274
8105;Frenštát pod Radhoštěm;0;0;8;12;16;0%;-1;23;0;30;27;19;17;12;23;22;28;15;6;10;7;65;19;16;10;9;5;13;13;17;7;110;0;59;51;110;35%;110;0;;Frenštát pod Radhoštěm;8105;;2122;548;;2122;158
8106;Frýdek-Místek;14;4;115;88;197;7%;-31;140;44;132;147;153;150;155;152;142;147;143;12;16;224;774;54;65;70;68;71;63;55;59;56;561;0;328;232;561;18%;561;0;;Frýdek-Místek;8106;;2123;192;;2123;47
8107;Frýdlant nad Ostravicí;10;3;40;18;42;24%;12;73;16;32;34;46;26;22;13;27;33;20;5;7;55;134;24;26;35;20;17;8;18;23;13;183;0;122;62;183;54%;183;0;;Frýdlant nad Ostravicí;8107;;2125;127;;2125;31
8108;Havířov;5;2;44;77;78;6%;18;136;16;151;129;137;142;133;134;140;181;146;5;5;591;246;153;136;142;146;139;138;142;173;147;1 316;0;717;599;1 316;55%;1316;0;;Havířov;8108;;2126;46;;2126;9
8109;Hlučín;4;2;21;14;20;20%;10;61;20;110;110;68;66;83;35;41;45;44;13;0;246;70;105;105;74;72;85;46;50;53;53;643;0;442;202;643;87%;643;0;;Hlučín;8109;;3103;256;;3103;68
8110;Jablunkov;9;3;67;8;13;69%;52;21;124;54;31;33;13;20;23;46;33;35;8;4;191;38;73;56;58;43;48;31;49;39;40;436;0;277;159;436;55%;436;0;;Jablunkov;8110;;3204;59;;3204;17
8111;Karviná;13;5;126;5;24;54%;87;68;0;111;118;112;128;108;98;98;84;110;9;0;15;70;84;90;85;97;82;75;75;64;84;735;0;439;297;735;97%;735;0;;Karviná;8111;;3214;122;;3214;34
8112;Kopřivnice;3;0;14;44;32;9%;15;68;33;80;70;72;72;80;52;59;55;58;3;7;219;108;79;71;73;73;79;53;58;55;57;599;0;375;224;599;63%;599;0;;Kopřivnice;8112;;4104;46;;4104;15
8113;Kravaře;1;1;36;37;3;33%;53;17;14;74;71;44;58;39;33;56;33;62;0;0;28;13;60;58;38;48;34;28;45;28;49;388;0;239;149;388;131%;388;0;;Kravaře;8113;;4203;396;;4203;111
8114;Krnov;7;3;83;53;15;47%;94;43;32;95;93;79;103;86;92;77;98;97;14;14;209;77;90;88;78;96;83;83;72;87;87;765;0;436;329;765;56%;765;0;;Krnov;8114;;4204;200;;4204;64
8115;Nový Jičín;22;8;78;141;49;45%;137;66;83;129;80;89;95;61;63;65;84;96;0;100;176;146;115;78;85;89;64;56;57;71;80;696;0;432;264;696;45%;696;0;;Nový Jičín;8115;;5215;209;;5215;57
8116;Odry;7;3;28;2;22;32%;8;53;60;42;63;53;34;63;56;15;61;60;5;5;83;72;45;61;54;39;61;47;16;51;50;425;0;261;164;425;74%;425;0;;Odry;8116;;5303;117;;5303;28
8117;Opava;38;16;152;59;74;51%;122;87;227;370;343;293;278;196;235;200;264;214;15;49;745;276;353;333;295;284;222;219;192;240;203;2 341;0;1 487;854;2 341;32%;2341;0;;Opava;8117;;5305;44;;5305;15
8118;Orlová;0;0;57;0;5;0%;38;20;15;113;133;109;100;94;101;104;69;112;7;8;117;44;94;109;91;84;80;83;85;59;91;778;0;459;319;778;45%;778;0;;Orlová;8118;;5306;118;;5306;27
8119;Ostrava;102;46;341;231;216;47%;315;452;97;504;444;370;405;334;413;373;368;362;72;67;1 579;844;482;437;382;408;355;399;369;366;361;3 559;0;2 063;1 496;3 559;54%;3559;0;;Ostrava;8119;;5307;129;;5307;49
8120;Rýmařov;6;0;31;12;14;43%;24;25;74;54;55;27;11;17;24;28;17;13;7;15;112;41;59;60;39;27;32;26;29;21;18;310;0;217;93;310;61%;310;0;;Prostějov;7108;;6212;58;;6212;18
8121;Třinec;22;11;226;152;43;51%;263;64;132;88;64;113;78;95;62;66;57;65;9;9;434;141;114;96;132;106;119;74;77;71;77;865;0;566;299;865;45%;865;0;;Šternberk;7110;;7205;141;;7205;41
8122;Vítkov;1;1;11;19;10;10%;14;29;8;12;13;7;13;10;8;7;11;16;25;12;13;47;10;11;6;11;8;5;5;8;11;74;0;45;29;74;62%;74;0;;Týn nad Vltavou;3115;;8106;774;;8106;197
